Datetime,Water Level (m)
2026-04-15 00:00:00,0.0067627206
2026-04-15 01:00:00,0.011148303
2026-04-15 02:00:00,0.014928258
2026-04-15 03:00:00,0.017757693
2026-04-15 04:00:00,0.01946923
2026-04-15 05:00:00,0.0198829
2026-04-15 06:00:00,0.018683018
2026-04-15 07:00:00,0.016547166
2026-04-15 08:00:00,0.0148458695
2026-04-15 09:00:00,0.0145688495
2026-04-15 10:00:00,0.016469313
2026-04-15 11:00:00,0.020977208
2026-04-15 12:00:00,0.027524946
2026-04-15 13:00:00,0.03495118
2026-04-15 14:00:00,0.040880334
2026-04-15 15:00:00,0.045288656
2026-04-15 16:00:00,0.04845014
2026-04-15 17:00:00,0.04988377
2026-04-15 18:00:00,0.04997409
2026-04-15 19:00:00,0.049424276
2026-04-15 20:00:00,0.0493561
2026-04-15 21:00:00,0.050758377
2026-04-15 22:00:00,0.054507714
2026-04-15 23:00:00,0.060282372
2026-04-16 00:00:00,0.067281455
2026-04-16 01:00:00,0.07455408
2026-04-16 02:00:00,0.081169516
2026-04-16 03:00:00,0.08649185
2026-04-16 04:00:00,0.090097815
2026-04-16 05:00:00,0.0924997
2026-04-16 06:00:00,0.093986526
2026-04-16 07:00:00,0.09416158
2026-04-16 08:00:00,0.09409963
2026-04-16 09:00:00,0.09575671
2026-04-16 10:00:00,0.098768055
2026-04-16 11:00:00,0.10405404
2026-04-16 12:00:00,0.1061768
2026-04-16 13:00:00,0.111438386
2026-04-16 14:00:00,0.1153935
2026-04-16 15:00:00,0.12078373
2026-04-16 16:00:00,0.123257555
2026-04-16 17:00:00,0.12277028
2026-04-16 18:00:00,0.122445114
2026-04-16 19:00:00,0.122984566
2026-04-16 20:00:00,0.12368512
2026-04-16 21:00:00,0.124953955
2026-04-16 22:00:00,0.12679054
2026-04-16 23:00:00,0.12934192
2026-04-17 00:00:00,0.13353884
2026-04-17 01:00:00,0.13784453
2026-04-17 02:00:00,0.140641
2026-04-17 03:00:00,0.14395958
2026-04-17 04:00:00,0.14700554
2026-04-17 05:00:00,0.14976014
2026-04-17 06:00:00,0.15083648
2026-04-17 07:00:00,0.15093233
2026-04-17 08:00:00,0.15047102
2026-04-17 09:00:00,0.14979395
2026-04-17 10:00:00,0.14812776
2026-04-17 11:00:00,0.14783798
2026-04-17 12:00:00,0.15109573
2026-04-17 13:00:00,0.15817365
2026-04-17 14:00:00,0.16405472
2026-04-17 15:00:00,0.168528
2026-04-17 16:00:00,0.17227249
2026-04-17 17:00:00,0.17453067
2026-04-17 18:00:00,0.17574292
2026-04-17 19:00:00,0.17681761
2026-04-17 20:00:00,0.17824484
2026-04-17 21:00:00,0.17886245
2026-04-17 22:00:00,0.17978646
2026-04-17 23:00:00,0.18209408
2026-04-18 00:00:00,0.18551515
2026-04-18 01:00:00,0.18893301
2026-04-18 02:00:00,0.19206282
2026-04-18 03:00:00,0.1952678
2026-04-18 04:00:00,0.19829682
2026-04-18 05:00:00,0.20097987
2026-04-18 06:00:00,0.2028998
2026-04-18 07:00:00,0.20412482
2026-04-18 08:00:00,0.20464738
2026-04-18 09:00:00,0.20385087
2026-04-18 10:00:00,0.20182988
2026-04-18 11:00:00,0.20225424
2026-04-18 12:00:00,0.20490614
2026-04-18 13:00:00,0.20807192
2026-04-18 14:00:00,0.21381502
2026-04-18 15:00:00,0.21914457
2026-04-18 16:00:00,0.2253187
2026-04-18 17:00:00,0.23113072
2026-04-18 18:00:00,0.23661296
2026-04-18 19:00:00,0.2418829
2026-04-18 20:00:00,0.24694751
2026-04-18 21:00:00,0.25069425
2026-04-18 22:00:00,0.252642
2026-04-18 23:00:00,0.25411764
2026-04-19 00:00:00,0.2569914
2026-04-19 01:00:00,0.26063636
2026-04-19 02:00:00,0.2643731
2026-04-19 03:00:00,0.26841575
2026-04-19 04:00:00,0.27346438
2026-04-19 05:00:00,0.27809453
2026-04-19 06:00:00,0.28224847
2026-04-19 07:00:00,0.28492603
2026-04-19 08:00:00,0.286432
2026-04-19 09:00:00,0.2870265
2026-04-19 10:00:00,0.28708822
2026-04-19 11:00:00,0.28875574
2026-04-19 12:00:00,0.29323322
2026-04-19 13:00:00,0.29699758
2026-04-19 14:00:00,0.30079892
2026-04-19 15:00:00,0.305343
2026-04-19 16:00:00,0.310634
2026-04-19 17:00:00,0.31701955
2026-04-19 18:00:00,0.3252082
2026-04-19 19:00:00,0.33308232
2026-04-19 20:00:00,0.33882377
2026-04-19 21:00:00,0.34204152
2026-04-19 22:00:00,0.34277964
2026-04-19 23:00:00,0.3427562
2026-04-20 00:00:00,0.34451345
2026-04-20 01:00:00,0.34629923
2026-04-20 02:00:00,0.34703457
2026-04-20 03:00:00,0.34923986
2026-04-20 04:00:00,0.3550121
2026-04-20 05:00:00,0.36066252
2026-04-20 06:00:00,0.36611944
2026-04-20 07:00:00,0.3702829
2026-04-20 08:00:00,0.37241152
2026-04-20 09:00:00,0.37296358
2026-04-20 10:00:00,0.37211
2026-04-20 11:00:00,0.3718409
2026-04-20 12:00:00,0.37425214
2026-04-20 13:00:00,0.37623924
2026-04-20 14:00:00,0.3793378
2026-04-20 15:00:00,0.38411045
2026-04-20 16:00:00,0.39148903
2026-04-20 17:00:00,0.39974874
2026-04-20 18:00:00,0.40725505
2026-04-20 19:00:00,0.41315302
2026-04-20 20:00:00,0.41691872
2026-04-20 21:00:00,0.41943353
2026-04-20 22:00:00,0.42180902
2026-04-20 23:00:00,0.42298818
2026-04-21 00:00:00,0.42519936
